Airman,AX25-2,4331679
Airman,AX27U-3,4415270
Airman,AX40,4266834
Airman,AX50U,4403500
Airman,AX30-3,4466795
Airman,AX30-1,4266832
Airman,AX35,4420998
Airman,AX36U,4415132
Airman,AX30-2,4331680
Airman,AX30U-4,4691489
Airman,AX35-2,4309477
Airman,AX33MU,4353276
Airman,AX22-1,4309476
Airman,AX40UR-4,AX40UR-4-FD
Airman,AX27U,AX27U-FD
Airman,AX22-2,4331679
Airman,AX40,4317019
Airman,AX30U-5F,4691489
Airman,AX30UR-2,AX30UR-2-FD
Airman,AX35-2,4331680
Atlas CopCo,LM600,LM600-FD
Bobcat,325C,6652841
Bobcat,130,6639085
Bobcat,225,6652841
Bobcat,325,6652841
Bobcat,E63,7029749
Bobcat,325 C,6652841
Bobcat,E80,7006068
Bobcat,E62,7029749
Case,CX290,KBA1137
Case,CX250C,KBA12640
Case,9007,166291A1
Case,9007B,166291A1
Case,CX75SR,KAA1132
Case,CX80,KAA10310
Case,50,PY15V00002F1
Case,CX300C,KBA10752
Case,CX27B,PM15V00021F1
Case,CX80C,KAA10310
Case,CK25,6974561390
Case,445CT,87447234
Case,CX75C SR,KAA10310
Case,CX80,KAA1132
Case,CK25,6831561390
Case,CX50,PY15V00002F1
Case,9040,151890A1
Case,CX490D,KTA10192
Case,CK28,6831561390
Case,420CT,87447234
Case,CX250D,KBA14710
Case,CX230D,KBA14710
Case,CX460B,KTA10192
Case,CX290B,KBA10750
Case,CX460,KTA10192
Case,CX75SR,KAA10310
Case,CX27B,72281630
Case,9007,KAA1207
Case,440CT,87447234
Caterpillar,301.6,144-5196
Caterpillar,303C CR,288-3462
Caterpillar,308E SR,366-9777
Caterpillar,306,191-1384
Caterpillar,306,330-7517
Caterpillar,307D,352-9022
Caterpillar,306,336-3985
Caterpillar,301.5,144-5196
Caterpillar,305 SR,205-0470
Caterpillar,301.8,144-5196
Caterpillar,308D,288-5125
Caterpillar,301.6C,242-1153
Caterpillar,305.5,191-1384
Caterpillar,307D,288-5125
Caterpillar,305,191-1384
Caterpillar,308E,366-9777
Caterpillar,305.5,330-7517
Caterpillar,308E CR,366-9777
Caterpillar,307D,366-9777
Caterpillar,303C CR,284-0878
Caterpillar,305.5,191-1384
Caterpillar,308D,352-9022
Caterpillar,301.8C,242-1153
Caterpillar,308E2 CR,417-1103
Caterpillar,306,191-1384
Caterpillar,305,191-1384
Caterpillar,308D,366-9777
Daewoo,S015,2401-9248
Daewoo,S80 GOLD,401-00335
Daewoo,S220LC-3,2401-9082
Daewoo,S420LC-V,2401-6357C
Daewoo,DH200,2401-9037A
Daewoo,S35,40405-00110
Daewoo,SL035,40405-00110
Daewoo,S400LC-V,2401-9314
Daewoo,S55,2401-9232B
Daewoo,S035,40405-00110
Daewoo,S70-3,401-00027
Daewoo,S75-V,401-00335
Daewoo,S70-3,2401-9210
Daewoo,DH220LC,2401-9082A
Daewoo,S55-V,2401-9232B
Daewoo,S220LC-3,2401-9082A
Daewoo,SL015,2401-9248
Daewoo,S55-V,2401-9232A
Daewoo,S55,2401-9232A
Daewoo,DH180LC,2401-9040
Daewoo,S55,2401-9232
Daewoo,DH180,2401-9037A
Doosan,DX225LC,170401-00039A
Doosan,DX230LC,K1037757
Doosan,DX220LC,170401-00039B
Doosan,DX420LC,2401-6357E
Doosan,DX80R,K1029668
Doosan,DX30Z,K1028103B
Doosan,DX225LC-3,170401-00039B
Doosan,E80,K1029668
Doosan,DX235LCR,170401-00039A
Doosan,DX30Z,K1028103
Doosan,DX55,2401-9232B
Doosan,DX27Z,K1013467
Fecon,FTX140,FTX140-FD
Fiat Hitachi,FH22.2,4331679
Fiat Hitachi,FH35-2,4331680
Fiat Hitachi,FH30.2,4331680
Fiat Kobelco,E80,YT15V00008F1
Furukawa,FX031UR,FX031UR
Gehl,802,161149
Halla,HE50A,E10310030
Hanix,H75B,NSS7-00800-1
Hanix,H36B,40405-00200
Hanix,H75C,NSS7-00800
Hanix,S&B300,40404-00290
Hanix,H29A,40405-00100
Hanix,H36A,40405-00160
Hanix,S&B25,40404-00004
Hanix,H50C,40405-00210
Hanix,H50B,SP25-00012
Hanix,H50C,NFS7-00400-2
Hanix,S&B25S,504-73005
Hanix,S&B30,40404-00004
Hanix,H35,H35
Hanix,S&B800,40404-00020
Hanix,H45A,40405-00150
Hanix,S&B500,40404-00004
Hanix,H50B,40405-00210
Hanix,H35A,40405-00110
Hanix,H75B,NSS7-00800
Hanix,S&B20,504-43019-1
Hanix,H30,H30-FD
Hanix,H45,504-73006
Hanix,S&B45,40404-00020
Hanix,H50C,SP25-00012
Hanix,H30A,40405-00170
Hanix,H75C,NSS7-00800-1
Hanix,S&B30S,504-73005
Hanix,S&B15,504-43019-1
Hanix,H45,40404-00270
Hitachi,ZX35U,4466795
Hitachi,EX40U-1,4403500
Hitachi,ZX40U,4433991
Hitachi,EX40-1,4317019
Hitachi,EX33MU-1,4353276
Hitachi,EX36UE-1,4415132
Hitachi,EX30-2,9161418
Hitachi,EX25-2,4331679
Hitachi,ZX27U-2,4642389
Hitachi,EX30-2,H4331680
Hitachi,EX27U,4420996
Hitachi,EX35-1,4420998
Hitachi,ZX27U,4415270
Hitachi,EX25,4331679
Hitachi,EX32UE,4406904
Hitachi,EX40UR-3,4435579
Hitachi,ZX30U,4614213
Hitachi,ZX30UR,9213625
Hitachi,EX35U,4420998
Hitachi,ZX35,9209825
Hitachi,EX30U,4406904
Hitachi,EX22-1,4309476
Hitachi,ZX29U-3,
Hitachi,EX22,4309476
Hitachi,ZX35U,4614213
Hitachi,ZX30,4466795
Hitachi,EX30-2,4331680
Hitachi,ZX30 CLR,4466795
Hitachi,EX29UE-1,4415270
Hitachi,ZX35U-2,4614213
Hitachi,ZX33U-3,4691489
Hitachi,EX35-2,9132555
Hitachi,EX33U-1,4353276
Hitachi,EX50U-1,4433991
Hitachi,ZX27U-3CLR,4699433
Hitachi,EX35-1,9189968
Hitachi,ZX30U-2,4691488
Hitachi,EX27,4415270
Hitachi,EX22-2,H4331679
Hitachi,EX22-2,4331679
Hitachi,ZX35,4466795
Hitachi,EX35-5,4420998
Hitachi,EX50U,4403500
Hitachi,EX40U,4390493
Hitachi,EX45-1,4317019
Hitachi,EX30-2,4331680
Hitachi,EX30-1,4309477
Hitachi,ZX50U,4403500
Hitachi,EX27U-1,4415270
Hitachi,EX35U-1,4415132
Hitachi,EX30-1,4266832
Hitachi,EX40U,4433991
Hitachi,EX30UR-2,4309476
Hitachi,ZX30,4614213
Hitachi,ZX40U,4403500
Hitachi,EX27U,4415270
Hitachi,UE30,UE30-FD
Hitachi,EX50U-1,4403500
Hitachi,EX25,4309476
Hitachi,ZX35CLR,4466795
Hitachi,ZX35U-2,4691489
Hitachi,ZX50U,4433991
Hitachi,EX35-2,4331680
Hitachi,ZX30UR,4466804
Hyundai,R255LC-3,31EN-42000
Hyundai,R300LC-7,31N8-40052
Hyundai,R210NLC-7,31N6-40011
Hyundai,R210LC-3H,31EM-40010
Hyundai,R110M-7A,31N5-40061BG
Hyundai,R330LC-9SH,31Q9-40031
Hyundai,R210NLC-7H OPTION,31N6-40050
Hyundai,R210LC-7,31N6-40011
Hyundai,R305LC-7,31N8-40052
Hyundai,R140LCM-7,31N5-40061BG
Hyundai,R290LC-7A,31N8-40050BG
Hyundai,R60CR-9,31M8-40021GG
Hyundai,R210LC-3,31N6-40010
Hyundai,R305LC-7,31N8-40053
Hyundai,R180LC-7,31N5-40081BG
Hyundai,R180LC-7A,31N5-40081BG
Hyundai,R140LCM-7,31N5-40060
Hyundai,R180LC-7,31N5-40061BG
Hyundai,R80-7A,31N1-40010
Hyundai,R250LC-7 HW,31N8-40050
Hyundai,R210NLC-7,31N6-40051
Hyundai,R210LC-7,31N6-40051BG
Hyundai,HX220LC,38K6-40102
Hyundai,R210LC-7A,31N6-40051BG
Hyundai,R250LC-9 HW,31Q8-40060
Hyundai,R320LC-7,31N8-40053
Hyundai,R180LC-7,31N5-42000
Hyundai,R320LC-9,31Q9-40031
Hyundai,R210LC-7H,31N6-40050
Hyundai,R180LC-7A,31N5-40061BG
Hyundai,R320LC-9,31Q9-40030
Hyundai,R210LC-7,31N6-40051
Hyundai,R210LC-7H,31N6-40060
Hyundai,R250LC-7A,31N7-40020BG
Hyundai,R250LC-7,31N7-40020
Hyundai,R250LC-9,31Q7-40040
Hyundai,R250LC-9S HW,31Q8-40061
Hyundai,R250LC-3,31EN-42001
Hyundai,R140LCM-7,31N5-40061
Hyundai,R80-7,31N1-40010
Hyundai,R55-7,31M8-40021
Hyundai,R250LC-3 H&W,31EN-42000
Hyundai,R55-9,31M8-40010GG
Hyundai,R290LC-9,31Q8-40061
Hyundai,R290LC-7,31N8-40011
Hyundai,R290LC-7,31N8-40010
Hyundai,Robex 500,Robex500-FD
Hyundai,R210LC-3H,31N6-40010
Hyundai,R55-3,31M6-60010
Hyundai,R250LC-7 High Walker,31N8-40050
Hyundai,R55-9,31M8-40020GG
Hyundai,R210LC-7H,31N6-40051
Hyundai,R180LC-7,31N5-40061
Hyundai,R180LC-7,31N5-40060
Hyundai,R260LC-9,31Q7-40040
Hyundai,R55-9,31M8-40021GG
Hyundai,R60CR-9,31M8-40020GG
Hyundai,R300LC-7,31N8-40051BG
Hyundai,R140LCM-7A,31N5-40081BG
Hyundai,R300LC-9SH,31Q8-40061
Hyundai,R210NLC-7H OPTION,31N6-40051
Hyundai,R250LC-7A HW,31N8-40050BG
Hyundai,R330LC-9A,31Q9-40031
Hyundai,R210NLC-7A,31N6-40050
Hyundai,R2900LC,31N8-40010
Hyundai,R210LC-3H,31N6-40011
Hyundai,R210LC-7,31N6-40010
Hyundai,R305LC-7,31N8-40011
Hyundai,R250LC-3,31EN-40010
Hyundai,R320LC-7A,31N9-40020
Hyundai,R210LC-7,31N6-40060BG
Hyundai,R210LC-7 High Walker,31EM-40011
Hyundai,R260LC-9,31Q7-40030
Hyundai,R210LC-3H,31EM-40011
Hyundai,R210LC-7H OPTION,31N6-40051BG
Hyundai,R210NLC-7H,31N6-40051
Hyundai,R210LC-9,31Q6-40030
Hyundai,R80-7A,31N1-40011
Hyundai,305LC-7,31N8-40011
Hyundai,R210NLC-7,31N6-40050
Hyundai,R210LC-7H,31N6-40051BG
Hyundai,R210LC-7H,31N6-40060BG
Hyundai,R60-9S,31M8-40021GG
Hyundai,R180LC-7A,31N5-40060BG
Hyundai,R60CR-9,31M8-40010GG
Hyundai,R250LC-9,31Q7-40030
Hyundai,R55-7,31M8-40020
Hyundai,R330LC-9S,31Q9-40031
Hyundai,R210NLC-7A,31N6-40051BG
Hyundai,R250LC-3,31EN-42000
Hyundai,R140LCM-7A,31N5-40060BG
Hyundai,R210LC-7A,31N6-40050BG
Hyundai,R75-7,XJDH-01749
Hyundai,R290LC-7H,31N8-40051BG
Hyundai,R110M-7A,31N5-40081BG
Hyundai,R210LC-3,31EM-40010
Hyundai,R290LC-7H,31N8-40050
Hyundai,R80-7,31N1-40011
Hyundai,R210LC-7,31N6-40060
Hyundai,R55-7A,31M8-40020
Hyundai,R290LC-7A,31N8-40051
Hyundai,R55-7,31M8-40010
Hyundai,R200LC,E131-0445
Hyundai,R140LCM-7A,31N5-40061BG
Hyundai,R55-7A,31M8-40021
Hyundai,R60-9S,31M8-40010GG
Hyundai,R210 ECONO,31EM-40010
Hyundai,R210LC-9,39Q6-40100
Hyundai,R240LC-3,31EN-42000
Hyundai,R140LCM-7,31N5-40081BG
Hyundai,R250LC-7,31N7-40010
Hyundai,R210NLC-7H,31N6-40050
Hyundai,R210LC-7,31N6-40050
Hyundai,R210LC-3 High Chassis,31E1-0010
Hyundai,R140LCM-7A,31N5-40081BG
Hyundai,R210LC-3 LL,31E1-00100
Hyundai,R250LC-7 High Walker,31N8-40011
Hyundai,R300LC-9S,31Q8-40061
Hyundai,R55-7A,31M8-40010
IHI (Chieftain),68NS,0781301UA
IHI (Chieftain),50T,0753502UA
IHI (Chieftain),55N,0781170UA
IHI (Chieftain),45NX-2,0781144UA
IHI (Chieftain),45NX,0781144UA
IHI (Chieftain),28N3,0781287UA
IHI (Chieftain),40JX,0757765UA
IHI (Chieftain),30Z,0757740UA
IHI (Chieftain),30VX,0781229UA
IHI (Chieftain),50G,0753641UA
IHI (Chieftain),30VX,0781217UA
IHI (Chieftain),65VX2,0781214UA
IHI (Chieftain),55J-2,0753788UA
IHI (Chieftain),28J,0757612UA
IHI (Chieftain),30NX-2,0781229UA
IHI (Chieftain),55J,0753788UA
IHI (Chieftain),IS-40G,0753681UA
IHI (Chieftain),65NX,0781214UA
IHI (Chieftain),40NX,0781144UA
IHI (Chieftain),50F,0750825UA
IHI (Chieftain),55N3,0781301UA
IHI (Chieftain),65VX,0781214UA
IHI (Chieftain),80NX,0781149UA
IHI (Chieftain),38UJ,0757631UA
IHI (Chieftain),55N2,0781301UA
JCB,JS260SCT4,333/K0684
JCB,JS145LC,333/K0684
JCB,JS260NLCT4,333/K0684
JCB,JS220LR,333/K0684
JCB,JS220XD,333/K0684
JCB,JS240LC,KBA0676
JCB,JS260LCT4,333/K0684
JCB,JS210,333/K0684
JCB,8025 ZTS,333/R0164
JCB,JS240NLCT4,333/K0684
JCB,JS200,333/K0684
JCB,JS240SCT4,333/K0684
JCB,JS260LRT4,333/K0684
JCB,8035 ZTS,333/S0071
JCB,JS190,333/K0684
JCB,JS235,333/K0684
JCB,JS81,332/P4178
JCB,8052,20/951287
JCB,JS220,333/K0684
JCB,8025 ZTS,20/925692
JCB,JS81 I,332/P4178
JCB,JS260SXDT4,333/K0684
JCB,JS260,333/K0684
JCB,JS260LXDT4,333/K0684
JCB,JS240,333/K0684
JCB,8052,20/918200
JCB,JS260NXDT4,333/K0684
JCB,8030 ZTS,20/925692
JCB,8026 CTS,333/S0071
JCB,8029 CTS,333/S0071
John Deere,50C ZTS,4433991
John Deere,27C ZTS,4420996
John Deere,50 ZTS,4433991
John Deere,35D,4614213
John Deere,35G,4691489
John Deere,35C ZTS,4466796
John Deere,35D,4691489
John Deere,27 ZTS,4420996
John Deere,35ZTS,TH4420998
JSW,BH80ELC,0753690UA
Kato,HD900SEV,HD900SEV-FD
Kato,HD1250SEV,HD1250SEV-FD
Kato,HD800SEV,HD800SEV-FD
Kato,HD770SE,HD770SE-FD
Kato,HD1023-III,619-03620012
Kato,HD1220SEV2,HD1220SEV2-FD
Kato,HD823,HD823-FD
Kato,HD1220SE-II,619-04303001
Kato,HD900SEV2,HD900SEV2-FD
Kato,HD250SEV,HD250SEV-FD
Kobelco,SK30SR,PW15V00012F1
Kobelco,70SR-1E,YT15V00008F1
Kobelco,SK27SR,PM15V00021F1
Kobelco,SK025-2,PV15V00002F1
Kobelco,27SR-5,PM15V00021F1
Kobelco,30SR-2,PW15V00012F1
Kobelco,SK25SR-2,PM15V00021F1
Kobelco,SK45SR,PY15V00005F1
Kobelco,SK015,S19031-14400
Kobelco,SK50UR,2441U831F1
Kobelco,K903C,2441U532F1
Kobelco,SK485LC-9,LS15V00020F3
Kobelco,SK80CS-2,YT15V00012F1
Kobelco,SK27SR-3,PM15V00021F1
Kobelco,SK295-9,LC15V00023F1
Kobelco,30SR,PW15V00014F1
Kobelco,SK45SR,PY15V00006F2
Kobelco,SK485LC-8,LS15V00020F1
Kobelco,SK235SRLC-2,LQ15V00020F1
Kobelco,SK295-9,LC15V00023F1
Kobelco,SK70SR-1E,YT15V00008F1
Kobelco,SK015,S19031-14300
Kobelco,SK27SR-5,PM15V00021F1
Kobelco,SK45SR,PY15V00005F2
Kobelco,SK60 IV,2441U815F1
Kobelco,SK30SR,PW15V00014F1
Kobelco,SK80MSR,LF15V00002F1
Kobelco,SK60-III,2441U815F1
Kobelco,SK030-2,PV15V00002F1
Kobelco,SK45SR,PY15V00006F1
Kobelco,30SR,PW15V00015F1
Kobelco,SK80CS-1E,YT15V00008F1
Kobelco,K903-II,2441U532F1
Kobelco,SK30SR,PW15V00015F1
Kobelco,SK350-9,LC15V00023F2
Kobelco,SK015,S19031-14200
Kobelco,SK50UR-2,YJ15V00002F1
Kobelco,SK70SR,YT15V00012F1
Kobelco,27SR-3,PM15V00021F1
Kobelco,70SR,YT15V00012F1
Kobelco,SK260LC-8,LQ15V00020F1
Kobelco,SK70SR-2,YT15V00012F1
Kobelco,SK95UR,YX15V00001F1
Kobelco,SK80CS,LF15V00002F1
Kobelco,SK27SR,PM15V00021F1
Kobelco,SK015,S19031-14100
Kobelco,70SR,YT15V00002F1
Kobelco,SK235SR-2,LQ15V00020F1
Kobelco,SK350LC-8,LC15V00023F1
Kobelco,SK70SR,YT15V00002F1
Kobelco,SK350-9,LC15V00023F2
Kobelco,SK350LC-8,LC15V00023F1
Kobelco,80MSR-1E,YT15V00008F1
Koehring,6608,730-3792
Koehring,6620LC-5,730-9092
Koerhring,6620,731-0056
Koerhring,6605,730-3106
Komatsu,PC70-7,201-60-73100
Komatsu,PC60L-5,201-60-57100
Komatsu,PC40-3,20T-60-00110
Komatsu,PC60-3,201-60-00130
Komatsu,PC70-8,201-60-81301
Komatsu,PC75-1,978B0000-00-NG
Komatsu,PC75UU-1,21W-60-00021
Komatsu,PC70FR-1,YM172187-73300
Komatsu,CK30-1,37C-22-11410
Komatsu,CK25-1,37B-22-11410
Komatsu,PC60L-5,201-60-57102
Komatsu,PC70-7,201-60-73500
Komatsu,PC120-6Z,203-60-63310
Komatsu,PC70-7,201-60-71100
Komatsu,PC60-5,201-60-51100
Komatsu,PC60-7B,201-60-73100
Komatsu,CK35-1,37C-22-11410
Komatsu,PC60-7,201-60-73500
Komatsu,PC60U-5,201-60-58101
Komatsu,PC30FR-2,YM172422-73300
Komatsu,PC75UU-1,21W-60-00020
Komatsu,CK1122,37C-22-11410
Komatsu,PC70-6,201-60-61100
Komatsu,PC60U-5,201-60-58100
Komatsu,PC60-7B,201-60-71100
Komatsu,PC60-6,201-60-61100
Komatsu,PC60-5,201-60-51101
Komatsu,PC60-2,201-60-21700
Komatsu,PC30FR-1,YM172175-73300
Komatsu,PC75R-2,978B0000-00-NG
Komatsu,PC60-7,201-60-73100
Komatsu,PC60-7,201-60-71100
Komatsu,PC60-7B,201-60-73500
Komatsu,PC60L-5,201-60-57101
Komatsu,CK20-1,37B-22-11410
Komatsu,PC60-3,201-60-00120
Kubota,KX91-2 SS,RC508-61800
Kubota,KX91-2,RC508-61603
Kubota,KX101,68651-61290
Kubota,KX251 Alpha,LR001-C1200
Kubota,KX121-2,RD108-61600
Kubota,KX91-3 SS,RC441-61600
Kubota,KX91-3S2,RC661-61602
Kubota,KX91-2,RC508-61602
Kubota,KX101-3 ALPHA 3,RG648-61290
Kubota,KX91-2,RC408-61600
Kubota,KX027,KX027-FD
Kubota,KX121-2(H),RD108-61600
Kubota,KX121-2SS,RD108-61606
Kubota,KX61,68311-61390
Kubota,U35-3 ALPHA 2,RG511-61800
Kubota,KH52SR,KH52SR-FD
Kubota,KX251,LR001-F5000
Kubota,KX71-3,RC348-61600
Kubota,KX101-3 ALPHA,RG511-61800
Kubota,U30-3,RG511-61800
Kubota,KX121-2,RG701-61600
Kubota,U35-3 ALPHA,RG511-61800
Kubota,KX021,KX021-FD
Kubota,KX71,68311-61390
Kubota,KX71-3S,RC348-61600
Kubota,U30-3,RG648-61292
Kubota,KX91-3S2,RC466-61600
Kubota,KX121-2 SS,RD108-61606
Kubota,KX91-2 SS,RC508-61802
Kubota,U35-S2,RC661-61606
Kubota,U35,RC411-61804
Kubota,KX101-3 ALPHA 2,RG511-61800
Kubota,KX101-3,RG648-61290
Kubota,U35-3,RG511-61800
Kubota,RX301,Need
Kubota,RX501,
Kubota,KX024,KX024-FD
Kubota,RX503,RP821-61293
Kubota,U35-3 ALPHA 3,RG648-61290
Kubota,KX027-4,RC157-61290
Kubota,KX91-2,RC408-61602
Kubota,U30-3,RG648-61292
Kubota,KX91-2 SS,RC508-61603
Kubota,U35S2,RC661-61602
Kubota,U30-3 ALPHA 2,RG511-61800
Kubota,RX503,RP821-61291
Kubota,KX71-3,RG448-61290
Kubota,U35-4,RC788-61600
Kubota,U35-3 ALPHA 3,RG648-61290
Kubota,U30,U30-FD
Kubota,U35 (EU),RC501-61603
Kubota,KX91-3S2,RC661-61606
Kubota,U35S,RC441-61600
Kubota,U27-4,RC157-61290
Kubota,KX91-2,RG501-61600
Kubota,KX101-3,RG511-61800
Kubota,KX121-2(H),RG701-61600
Kubota,U35-S2,RC661-61602
Libra,229s,8E66919702
Link Belt,80LX,KAA1132
Link Belt,4040RBN,KSA10640
Link Belt,4040PHN,KSA10640
Link Belt,LS-3400A,KBA0501
Link Belt,290 X2,KBA10750
Link Belt,350 X2 Logger,KSA10640
Link Belt,LS-2800C,KRA0845
Link Belt,4640RBN,KSA10640
Link Belt,LS-3400C,KBA0501
Link Belt,LS-1600,KAA0528
Link Belt,75 Spin Ace,KAA1132
Link Belt,460 X2,KTA10192
Link Belt,290 X2,KBA10750
Link Belt,80 SB,KAA1132
Link Belt,LS-3400C-II,KBA0676
Link Belt,300 X3,KBA10752
Link Belt,4040TLN,KSA10640
Link Belt,460LX,KTA10192
Link Belt,290LX,KBA1137
Link Belt,290 X2,KBA10750
Link Belt,LS-3400C-II,KBA0501
Link Belt,290 X2 LF,KBA10750
Link Belt,290LX,KBA1137
Link Belt,LS-3400C-II,KBA0721
Link Belt,290LX,KBA1322
Linkbelt,LS-2800C,KRA0845
Linkbelt,LS-3400C-II,KBA0676
Linkbelt,LS-3400A,KBA0501
Linkbelt,250 X4,KBA14710
Linkbelt,LS-3400C,KBA0501
Linkbelt,LS-3400C-II,KBA0501
Linkbelt,LS-1600,KAA0528
Linkbelt,80LX,KAA1132
Linkbelt,75 Spin Ace,KAA1132
Linkbelt,370LX,KTA1070
Linkbelt,80 SB,KAA1132
Liugong,CLG925D,CLG925D-FD
Mitsubishi,MM30T,MM30T-FD
Mitsubishi,MM68SR,MM68SR
Mitsubishi,MM45B,AEW04285
Mitsubishi,MM55SR,120-6233
Mitsubishi,MM57SR,MM57SR-FD
Nagano,NS75-2,7-00800
Nagano,NS45-2,NFS7-00400-2
Nagano,NS45-2,SP25-00012
Nagano,NS45-3,SP25-00012
Neuson,3503,1000184985
Neuson,8002 RD,7008302
Neuson,3402,1000184985
Neuson,ST35,KM3306
Neuson,ST45,KM3306
Neuson,3503RD,1000184985
New Holland,E265B,LQ15V00020F4
New Holland,E235BSR,LQ20V00020F1
New Holland,E70BSR,YT15V00012F1
New Holland,E235BSR,LQ15V00020F2
New Holland,E265B,84129979
New Holland,C185,87447234
New Holland,E27,PM15V00021F1
New Holland,C190,87447234
New Holland,E245B,84129979
New Holland,E80M SR,YT15V00012F1
New Holland,EH70,YT15V00008F1
New Holland,E245B,LQ15V00020F3
New Holland,E265B,LQ15V00020F3
New Holland,E27BSR,PM15V00021F1
New Holland,E215B,LQ20V00020F1
New Holland,E265B,LQ15V00020F4
New Holland,E70SR,YT15V00008F1
New Holland,E265C,LQ20V00020F4
New Holland,E385C,LC15V00023F1
New Holland,E385B,LC15V00023F1
New Holland,E27B,PM15V00021F1
New Holland,E80BM SR,YT15V00012F1
New Holland,E27SR,PM15V00021F1
Nissan,N350-1,504-43019-1
Nissan,N650,N650-FD
Nissan,N230-2,40404-00011
Nissan,N300-1,504-43019-1
Nissan,N260-2,40404-00011
Nissan,N260-2 HD,504-43019-1
Nissan,N50,51-002900
Nissan,N450,504-73006
Nissan,N41SS,51-002900
Rayco,C140FM,800444
Rayco,C130FM,800444
Samsung,MX222LC,1043-02630
Samsung,SE240LC-3,7117-34000
Samsung,MX255NLS,7117-34000
Samsung,MX55,7117-15000
Samsung,SE240NLC-3,7117-34000
Samsung,SE210LC-2,1043-02630
Samsung,SE235-3,7117-34000
Samsung,SE130LC-2,1043-01670
Samsung,SE240LC-3,14528734
Samsung,MX222,1043-02630
Samsung,MX132LCM,1043-01670
Samsung,MX255LX,7117-34000
Samsung,MX255,7117-34000
Samsung,MX255LH,7117-34000
Samsung,MX255LS,7117-34000
Samsung,SE50-3,14500160
Samsung,SE130LC,1043-01670
Sumitomo,LS-3400FJ2,KBA0716
Sumitomo,SH400-3,KTA10030
Sumitomo,SH75X-3,KAA1132
Sumitomo,SH75U-2,KAA0952
Sumitomo,SH290-3,KBA1319
Sumitomo,LS-3400FLJ2,KBA0721
Sumitomo,SH250-3,KBA10190
Sumitomo,SH70,SH70-FD
Sumitomo,SH250-3,KBA10190
Sumitomo,SH60-2,KAA1207
Sumitomo,SH330-3,KSA10110
Sumitomo,SH350LX LTL,KSA10640
Takeuchi,TB55UR,19031-15400
Takeuchi,TB75FR,19031-17700
Takeuchi,TB025,19031-08100
Takeuchi,TB250,19031-27400
Takeuchi,TB145,19031-23000
Takeuchi,TB025,19031-08400
Takeuchi,TB015,19031-14300
Takeuchi,TB153FR,19031-27400
Takeuchi,TB070,19031-16500
Takeuchi,TB230,19031-24900
Takeuchi,TB015,19031-14100
Takeuchi,TB228,19031-24900
Takeuchi,TB070,19031-14700
Takeuchi,TB145,19031-19500
Takeuchi,TB015,19031-14400
Takeuchi,TB53FR,19031-19500
Takeuchi,TB145,19031-24800
Takeuchi,TB53FR,19031-23000
Takeuchi,TB015,19031-14200
Takeuchi,TB153FR,19031-24800
Takeuchi,TB070,19031-17700
Takeuchi,TB80FR,19031-17700
Takeuchi,TB35FR,19031-19500
Terex,TC35,5712661820
Terex,TC35E,5712661820
Volvo,FC2421C,14528734
Volvo,EC240B LC,14616211
Volvo,EC55B,14500160
Volvo,EC240B LR,14616211
Volvo,EC300D L,14690440
Volvo,EC480E LD,14733880
Volvo,EC290LC,7117-38001
Volvo,EC290B,14551154
Volvo,EC55-EU,14500160
Volvo,EC220E,14694038
Volvo,EC240C LR,14616211
Volvo,EC240 LC,7117-34001
Volvo,EC290C L,14551154
Volvo,EC240C NL,14616211
Volvo,EC290B,14524707
Volvo,EC240CLD,14616211
Volvo,EC55-2,14500160
Volvo,EC290C L,14592030
Volvo,EC250D,14621717
Volvo,EC60C,14559303
Volvo,EC240B NLC,7117-34001
Volvo,EC290 LC,7117-38001
Volvo,EC250D,14634645
Volvo,EC240 LR,7117-34001
Volvo,EC210D,14694038
Volvo,EC200D,14694038
Volvo,EC240C L,14616211
Volvo,EC250E,14694041
Volvo,EC55,14500160
Volvo,EC240B NLC,14528734
Volvo,EC240LC,7117-34001
Volvo,EC300E L,14690440
Volvo,EC290B,14522894
Volvo,EC380E LR HW,14733880
Volvo,EC240CLR,14616211
Volvo,EC220D,14694038
Volvo,EC290B,14528257
Volvo,EC240 NLC,7117-34001
Volvo,EC240B,14525367
Volvo,EC240B,7117-34001
Volvo,EC480E L,14733880
Volvo,FC2924C,14592030
Volvo,EC55C,14559303
Volvo,EC290B,14521691
Volvo,EC240C NL,14616211
Volvo,EC240C LD,14616211
Volvo,EC480E HR,14733880
Volvo,EC290B,7117-38020
Volvo,EC480E LR,14733880
Volvo,EC240BLC,14616211
Volvo,EC240B NLC,14525367
Volvo,EC235C LD,14550250
Volvo,EC380E L HW,14733880
Volvo,EC240CL,14616211
Volvo,EC240C L,14528734
Volvo,EC290,7117-38020
Volvo,EC240,7117-34001
Volvo,FC2421C,14616211
XCMG,XGC88-8,XGC88-8-FD
Yanmar,B22-2,172141-73350
Yanmar,VIO75-C,172479-73301
Yanmar,B27-2A,172169-73300
Yanmar,VIO33U,172484-73300
Yanmar,VIO80-1A,172A89-73300
Yanmar,VIO75,172479-73301
Yanmar,VIO27-2,172457-73700
Yanmar,B22-1,172141-73351
Yanmar,B32-1,172153-73300
Yanmar,VIO35-3,172458-73700-1
Yanmar,B25-1,172141-73351
Yanmar,VIO27-2,172457-73700-1
Yanmar,B22-2,172171-73700
Yanmar,VIO35-3,172484-73300
Yanmar,VIO35-5,172458-73701
Yanmar,VIO27-5,172457-73701
Yanmar,B37-2B,172422-73300
Yanmar,VIO30-3,172458-73700
Yanmar,B25-1,172141-73350
Yanmar,B22-2B,172434-73350
Yanmar,B37V,172442-73330
Yanmar,B22-2B,172452-73300
Yanmar,YB221,172141-73350
Yanmar,B22-2A,172141-73350
Yanmar,VIO27-3,172457-73700
Yanmar,VIO70,172187-73300
Yanmar,VIO30,172484-73300
Yanmar,VIO25-3,172482-73300
Yanmar,B6U,172900-66370
Yanmar,VIO80U,172A89-73300
Yanmar,VIO25,172482-77300
Yanmar,B7-5,172479-73300
Yanmar,B3-3,172422-73300
Yanmar,VIO30-3,172458-73700-1
Yanmar,VIO35-2,172458-73700
Yanmar,B25V-1,172441-73301
Yanmar,B22-2B,172141-73350
Yanmar,B30V,172442-73300
Yanmar,B22-1,172141-73350
Yanmar,VIO35-3,172458-73700
Yanmar,VIO75,172479-73300
Yanmar,VIO35-5B,172458-73701
Yanmar,YB221,172141-73351
Yanmar,VIO30,172175-73300
Yanmar,VIO27-3,172457-73700-1
Yanmar,VIO75-C,172A65-73300
Yanmar,VIO25-6A,172B16-73300
Yanmar,B25V,172441-73300
Yanmar,VIO75-A,172479-73300
Yanmar,B22,172141-73350
Yanmar,VIO80,172A89-73300
Yanmar,VIO25-4,172482-73300
Yanmar,B37V,172442-73300
Yanmar,VIO30-1,172422-73300
Yanmar,B32,172153-73300
Yanmar,B27-2B,172422-73300
Yanmar,VIO30-2,172458-73700
Yanmar,B7-5A,172479-73300
Yanmar,B7-5A,172479-73301
Yanmar,B25,172141-73350
